{"cameraMode":{"drawMode":0,"name":"Shaded","section":"Shading Mode"},"sceneLighting":false,"audioPlay":false,"sceneViewState":{"m_AlwaysRefresh":false,"showFog":true,"showSkybox":false,"showFlares":true,"showImageEffects":true,"showParticleSystems":true,"showVisualEffectGraphs":true,"m_FxEnabled":true},"in2DMode":false,"pivot":{"x":30.52701187133789,"y":11.304555892944336,"z":-43.359718322753909},"rotation":{"x":0.03452242165803909,"y":-0.7844410538673401,"z":0.043840471655130389,"w":0.6182846426963806},"size":10.449999809265137,"orthographic":false}